model	Precision@5	Recall@5	F1@5	NDCG@5	Gini@5	EPC@5	APLT@5
drop0.6_tri_GETAllNetworkTriConcat_user-centroid_item_emb_user-profile_item_emb_compgcn_384_n1_top5.tsv	0.7002278911564626	0.5577776957664254	0.5713989197731503	0.8927183079366394	0.6699123574326838	0.6338857752966911	0.20333822899455356
