model	Precision@5	Recall@5	F1@5	NDCG@5	Gini@5	EPC@5	APLT@5
drop0.6_tri_GETAllNetworkTriConcat_user-centroid_item_emb_user-profile_item_emb_compgcn_384_n1_top5.tsv	0.8037587945266191	0.4585849204057498	0.4949275350995348	0.943531327841284	0.7657133960722412	0.6605206188631353	0.07363872321625801
