model	Precision@5	Recall@5	F1@5	NDCG@5	Gini@5	EPC@5	APLT@5
drop0_uni_GETAllNetworkBasic_user-centroid_item_emb_top5.tsv	0.6874523809523809	0.5475471782680508	0.560797704572311	0.8779640039021642	0.625337461394501	0.6185297200136303	0.24518695306284805
