model	Precision@5	Recall@5	F1@5	NDCG@5	Gini@5	EPC@5	APLT@5
drop0_uni_GETAllNetworkBasic_user-centroid_item_emb_top5.tsv	0.801963880117445	0.45741577885129153	0.49359382831518206	0.9417614347946163	0.7567834121578109	0.6621943994829864	0.0822205654959134
