model	Precision@10	Recall@10	F1@10	NDCG@10	Gini@10	EPC@10	APLT@10
drop0.6_tri_GETAllNetworkTriConcat_user-centroid_item_emb_user-profile_item_emb_compgcn_384_n1_top10.pth	0.6600566083576289	0.8708577735912354	0.7084953647241408	0.8737507301976227	0.6543658681862292	0.6067185757648248	0.25336904543348454
