model	Precision@10	Recall@10	F1@10	NDCG@10	Gini@10	EPC@10	APLT@10
drop0.6_tri_GETAllNetworkTriConcat_user-centroid_item_emb_user-profile_item_emb_compgcn_384_n1_top10.pth	0.7506672232906236	0.6565971593948172	0.6197552218383008	0.9349265147175894	0.7454721222915932	0.6398685231523689	0.09921114845319617
