model	Precision@5	Recall@5	F1@5	NDCG@5	Gini@5	EPC@5	APLT@5
drop0_double_GETAllNetworkConcat_user-profile_item_emb_user-centroid_item_emb_top5.tsv	0.6872891156462584	0.5461828718561754	0.5603293199823778	0.8779635331146461	0.6236372006977643	0.6176366641356034	0.24481977847132977
