model	Precision@5	Recall@5	F1@5	NDCG@5	Gini@5	EPC@5	APLT@5
drop0_double_GETAllNetworkConcat_user-profile_item_emb_user-centroid_item_emb_top5.tsv	0.7993213672372721	0.45651719779267835	0.4927312235928671	0.9420269013246728	0.7769800425780636	0.6576786502325024	0.07320797437596643
