model	Precision@10	Recall@10	F1@10	NDCG@10	Gini@10	EPC@10	APLT@10
drop0.6_double_GETAllNetworkConcat_user-profile_item_emb_user-centroid_item_emb_top10.pth	0.6605055879494656	0.8707555387245948	0.7089573485682134	0.8729898430968875	0.6546701675586124	0.6066390038653189	0.25450728666719125
