model	Precision@10	Recall@10	F1@10	NDCG@10	Gini@10	EPC@10	APLT@10
drop0.6_double_GETAllNetworkConcat_user-profile_item_emb_user-centroid_item_emb_top10.pth	0.7477421775867846	0.6542523132965247	0.6174970551321785	0.9320916790507225	0.7564528150349765	0.6342934577775575	0.09215349437764946
