model	Precision@10	Recall@10	F1@10	NDCG@10	Gini@10	EPC@10	APLT@10
drop0.2_double_GETAllNetworkConcat_compgcn_384_n1_user-centroid_item_emb_top10.pth	0.6609341593780369	0.8703721285673252	0.7092344904935438	0.8678911427857644	0.657336043025638	0.6042532130881376	0.24736574086216093
