model	Precision@10	Recall@10	F1@10	NDCG@10	Gini@10	EPC@10	APLT@10
drop0.2_double_GETAllNetworkConcat_compgcn_384_n1_user-centroid_item_emb_top10.pth	0.7481244278776272	0.6546245910435509	0.6180143056939437	0.9324665012416523	0.7499845691678444	0.6363213826567433	0.0968088953054162
