model	Precision@10	Recall@10	F1@10	NDCG@10	Gini@10	EPC@10	APLT@10
drop0.6_tri_GETAllNetworkTriSelfSourcesCross_user-centroid_item_emb_user-profile_item_emb_compgcn_384_n1_top10.pth	0.6559953838678328	0.8649136547015884	0.7041055750895622	0.8673986833383357	0.6438848110890899	0.600967423103313	0.26330111813405366
