model	Precision@10	Recall@10	F1@10	NDCG@10	Gini@10	EPC@10	APLT@10
drop0.6_tri_GETAllNetworkTriSelfSourcesCross_user-centroid_item_emb_user-profile_item_emb_compgcn_384_n1_top10.pth	0.746279654734865	0.6547936985137923	0.6174448791173941	0.9315990405549582	0.7637301307646701	0.6305602062035319	0.0899500483869271
