model	Precision@10	Recall@10	F1@10	NDCG@10	Gini@10	EPC@10	APLT@10
drop0.4_uni_GETAllNetworkBasic_user-profile_item_emb_top10.pth	0.6624443634596696	0.8728297105844809	0.7110690747962976	0.8724841884695407	0.6620075503757	0.6072507653336185	0.24927504873805592
