model	Precision@10	Recall@10	F1@10	NDCG@10	Gini@10	EPC@10	APLT@10
drop0.4_uni_GETAllNetworkBasic_user-profile_item_emb_top10.pth	0.7422743364699489	0.652169268739782	0.6145809711979274	0.9291825261475892	0.7644298480930004	0.6279041275514317	0.09236886879779524
