model	Precision@10	Recall@10	F1@10	NDCG@10	Gini@10	EPC@10	APLT@10
drop0.6_uni_GETAllNetworkBasic_user-centroid_item_emb_top10.pth	0.659342322643343	0.8684773356351672	0.7075661283884098	0.8742635633023443	0.6515472699090439	0.6061794146747284	0.25535178822768323
