model	Precision@10	Recall@10	F1@10	NDCG@10	Gini@10	EPC@10	APLT@10
drop0.6_uni_GETAllNetworkBasic_user-centroid_item_emb_top10.pth	0.7488058305699989	0.655405456955644	0.6187045951021136	0.934792969504946	0.7627019651660379	0.6318976803898468	0.08975124122986945
