model	Precision@10	Recall@10	F1@10	NDCG@10	Gini@10	EPC@10	APLT@10
drop0_tri_GETAllNetworkTriSelfSourcesCross_user-centroid_item_emb_user-profile_item_emb_compgcn_384_n1_top10.pth	0.658934159378037	0.8689282289295478	0.7072914792562776	0.8587997587052932	0.6508748544529631	0.5989546595720008	0.25564552790089784
