model	Precision@10	Recall@10	F1@10	NDCG@10	Gini@10	EPC@10	APLT@10
drop0_tri_GETAllNetworkTriSelfSourcesCross_user-centroid_item_emb_user-profile_item_emb_compgcn_384_n1_top10.pth	0.7488058305699989	0.6548268853483595	0.6181276644084321	0.9334783921240921	0.7350502382691158	0.6411817784336501	0.10408192380110869
