model	Precision@5	Recall@5	F1@5	NDCG@5	Gini@5	EPC@5	APLT@5
drop0.4_tri_GETAllNetworkTriConcat_user-centroid_item_emb_user-profile_item_emb_compgcn_384_n1_top5.tsv	0.6957789115646258	0.5561790093054941	0.5683659843826139	0.8885665517018008	0.6446601955210067	0.6285492565412899	0.22014564592130226
