model	Precision@5	Recall@5	F1@5	NDCG@5	Gini@5	EPC@5	APLT@5
drop0.4_tri_GETAllNetworkTriConcat_user-centroid_item_emb_user-profile_item_emb_compgcn_384_n1_top5.tsv	0.8050634313888427	0.4594305028006154	0.49545071363039533	0.9435933661040722	0.7581242838487665	0.6654997916661926	0.07884084382593329
