model	Precision@5	Recall@5	F1@5	NDCG@5	Gini@5	EPC@5	APLT@5
drop0.6_double_GETAllNetworkConcat_user-profile_item_emb_user-centroid_item_emb_top5.tsv	0.6983911564625851	0.5547383088494876	0.5693778002697378	0.8932949764313141	0.6761463065593087	0.6319801747322467	0.20524753687044855
