model	Precision@5	Recall@5	F1@5	NDCG@5	Gini@5	EPC@5	APLT@5
drop0.6_double_GETAllNetworkConcat_user-profile_item_emb_user-centroid_item_emb_top5.tsv	0.798282643620852	0.4557755977068822	0.49153411093249894	0.9409032220181366	0.7807597771189693	0.6525833072624694	0.06628285840512481
