model	Precision@10	Recall@10	F1@10	NDCG@10	Gini@10	EPC@10	APLT@10
drop0.4_double_GETAllNetworkConcat_user-profile_item_emb_user-centroid_item_emb_top10.pth	0.660342322643343	0.8707480950877994	0.7087353702380043	0.8724149101411901	0.6568296701494054	0.6062258210087906	0.24999103919151652
