model	Precision@10	Recall@10	F1@10	NDCG@10	Gini@10	EPC@10	APLT@10
drop0.4_double_GETAllNetworkConcat_user-profile_item_emb_user-centroid_item_emb_top10.pth	0.7486728739470969	0.6550941018649287	0.6184621080009219	0.9332845048914864	0.7523380813865185	0.6372832632960849	0.09470485289322268
