model	Precision@10	Recall@10	F1@10	NDCG@10	Gini@10	EPC@10	APLT@10
drop0.2_uni_GETAllNetworkBasic_user-centroid_item_emb_top10.pth	0.6584647716229348	0.867849814430215	0.7067661958006313	0.8661321478036826	0.6469368252511728	0.6021390754169144	0.25860128336261984
