model	Precision@10	Recall@10	F1@10	NDCG@10	Gini@10	EPC@10	APLT@10
drop0.2_uni_GETAllNetworkBasic_user-centroid_item_emb_top10.pth	0.7516311588066615	0.6570165981943774	0.6205187755338623	0.9360050270644233	0.7496711905974476	0.6396801263205943	0.09573202320468721
