model	Precision@5	Recall@5	F1@5	NDCG@5	Gini@5	EPC@5	APLT@5
drop0.8_uni_GETAllNetworkBasic_user-centroid_item_emb_top5.tsv	0.6859421768707483	0.543389409283001	0.5587170621009754	0.8872034670154434	0.6747171662230387	0.6203933770096723	0.22330334740835936
