model	Precision@5	Recall@5	F1@5	NDCG@5	Gini@5	EPC@5	APLT@5
drop0.8_uni_GETAllNetworkBasic_user-centroid_item_emb_top5.tsv	0.7921084704448508	0.45277991064673057	0.48828602135262617	0.93947794203708	0.803757249293545	0.6412559160876683	0.052366357411089026
