model	Precision@10	Recall@10	F1@10	NDCG@10	Gini@10	EPC@10	APLT@10
drop0.6_uni_GETAllNetworkBasic_user-profile_item_emb_top10.pth	0.661730077745384	0.8729113315445532	0.710388060410301	0.8747625926021654	0.6555865937307765	0.6083844064469245	0.2568572040529081
