model	Precision@10	Recall@10	F1@10	NDCG@10	Gini@10	EPC@10	APLT@10
drop0.6_uni_GETAllNetworkBasic_user-profile_item_emb_top10.pth	0.7398146389462661	0.6509247814102749	0.6130849790224452	0.926971038260771	0.771237186491922	0.6233003563338687	0.08955243407281181
