model	Precision@10	Recall@10	F1@10	NDCG@10	Gini@10	EPC@10	APLT@10
drop0.2_double_GETAllNetworkConcat_user-profile_item_emb_compgcn_384_n1_top10.pth	0.6628525267249757	0.8725881956634943	0.7113061383773627	0.8716181009367411	0.6671950780958404	0.6070234216934829	0.23792935386014144
