model	Precision@10	Recall@10	F1@10	NDCG@10	Gini@10	EPC@10	APLT@10
drop0.2_double_GETAllNetworkConcat_user-profile_item_emb_compgcn_384_n1_top10.pth	0.745199382173788	0.6538014935178978	0.6165105750933021	0.9290840201918191	0.7590250532047209	0.6304306182823667	0.09412499868513785
