model	Precision@10	Recall@10	F1@10	NDCG@10	Gini@10	EPC@10	APLT@10
drop0.8_double_GETAllNetworkConcat_user-centroid_item_emb_compgcn_384_n1_top10.pth	0.6593831389698738	0.8694546683098288	0.7078254148494825	0.8705133774425086	0.6553877489548091	0.6042480522112244	0.25783021672043155
