model	Precision@10	Recall@10	F1@10	NDCG@10	Gini@10	EPC@10	APLT@10
drop0.8_double_GETAllNetworkConcat_compgcn_384_n1_user-centroid_item_emb_top10.pth	0.7401304109256578	0.6500772067179815	0.6127111086563666	0.9289567315474041	0.7708433871134818	0.6229229699961876	0.08294209610064482
