model	Precision@5	Recall@5	F1@5	NDCG@5	Gini@5	EPC@5	APLT@5
drop0.6_double_GETAllNetworkMerge_compgcn_384_n1_user-profile_item_emb_top5.tsv	0.7008299319727891	0.557343701023007	0.571883797508881	0.8917018739688936	0.6791043816272491	0.6333568852042446	0.20935989229545313
