model	Precision@5	Recall@5	F1@5	NDCG@5	Gini@5	EPC@5	APLT@5
drop0.6_double_GETAllNetworkMerge_compgcn_384_n1_user-profile_item_emb_top5.tsv	0.7865575314387014	0.4514830074804719	0.4860610802096083	0.9360541213300683	0.7986320022748176	0.638044060917303	0.06253865694720566
