model	Precision@10	Recall@10	F1@10	NDCG@10	Gini@10	EPC@10	APLT@10
drop0.4_uni_GETAllNetworkBasic_compgcn_384_n1_top10.pth	0.6612402818270164	0.8713496118849945	0.7096637030690539	0.872677356651233	0.6594027522926009	0.6069974089297361	0.25061523599709756
