model	Precision@10	Recall@10	F1@10	NDCG@10	Gini@10	EPC@10	APLT@10
drop0.4_uni_GETAllNetworkBasic_compgcn_384_n1_top10.pth	0.7414932163104011	0.6517601072392376	0.614295347361682	0.9281038165747506	0.763991415335536	0.6274841716892008	0.09228603248235455
