model	Precision@10	Recall@10	F1@10	NDCG@10	Gini@10	EPC@10	APLT@10
drop0.8_double_GETAllNetworkMerge_user-centroid_item_emb_user-profile_item_emb_top10.pth	0.6570566083576287	0.8651072453246507	0.7050583854655795	0.8696804529131008	0.6556715306688932	0.6022490553999507	0.2557923977375052
