model	Precision@10	Recall@10	F1@10	NDCG@10	Gini@10	EPC@10	APLT@10
drop0.8_double_GETAllNetworkMerge_user-centroid_item_emb_user-profile_item_emb_top10.pth	0.7395653452783251	0.6503019341994952	0.6126333039034976	0.9267902654038972	0.7790672169968426	0.6204308897213833	0.07783937906949835
