model	Precision@10	Recall@10	F1@10	NDCG@10	Gini@10	EPC@10	APLT@10
drop0.4_tri_GETAllNetworkTriConcat_user-centroid_item_emb_user-profile_item_emb_compgcn_384_n1_top10.pth	0.6602198736637511	0.8703500096131834	0.7086001032010227	0.8697744134267359	0.6566924512362017	0.6046130008423446	0.24859577574374714
