model	Precision@10	Recall@10	F1@10	NDCG@10	Gini@10	EPC@10	APLT@10
drop0.4_tri_GETAllNetworkTriConcat_user-centroid_item_emb_user-profile_item_emb_compgcn_384_n1_top10.pth	0.7528942467242283	0.6572651546558459	0.621086914839748	0.935733237404427	0.7401947490760825	0.6438728083014832	0.10192817959965077
