model	Precision@5	Recall@5	F1@5	NDCG@5	Gini@5	EPC@5	APLT@5
drop0.8_double_GETAllNetworkConcat_user-profile_item_emb_user-centroid_item_emb_top5.tsv	0.6934013605442176	0.5500395548557155	0.5651643856927673	0.8929104770983453	0.6961388307318248	0.6274758126615401	0.20539440670705586
