model	Precision@5	Recall@5	F1@5	NDCG@5	Gini@5	EPC@5	APLT@5
drop0.8_double_GETAllNetworkConcat_user-profile_item_emb_user-centroid_item_emb_top5.tsv	0.7901473602570495	0.4514992947716303	0.4867898206872281	0.9380148755974735	0.7967472151210541	0.6379249426784843	0.056541307709299764
