model	Precision@5	Recall@5	F1@5	NDCG@5	Gini@5	EPC@5	APLT@5
drop0.8_double_GETAllNetworkConcat_user-centroid_item_emb_compgcn_384_n1_top5.tsv	0.6928401360544217	0.5465622000110137	0.5640258566354918	0.8929480653549519	0.6952887245474532	0.6266672334259383	0.20374212104522366
