model	Precision@5	Recall@5	F1@5	NDCG@5	Gini@5	EPC@5	APLT@5
drop0.8_double_GETAllNetworkConcat_compgcn_384_n1_user-centroid_item_emb_top5.tsv	0.7893828596753644	0.45227236176178937	0.48728569771238	0.9377488793944593	0.7948043646506615	0.6388602618446672	0.054950850452838526
