model	Precision@10	Recall@10	F1@10	NDCG@10	Gini@10	EPC@10	APLT@10
drop0.8_double_GETAllNetworkConcat_user-profile_item_emb_compgcn_384_n1_top10.pth	0.6618933430515063	0.8730017058228027	0.7105911620532511	0.8711660784487585	0.6584972346927418	0.6060934798341319	0.25637987708393434
