model	Precision@10	Recall@10	F1@10	NDCG@10	Gini@10	EPC@10	APLT@10
drop0.8_double_GETAllNetworkConcat_user-profile_item_emb_compgcn_384_n1_top10.pth	0.7356431249027228	0.6485537756160545	0.6104867042064276	0.9243296339391182	0.7763334064910348	0.6179741354313567	0.08595733798268591
