model	Precision@5	Recall@5	F1@5	NDCG@5	Gini@5	EPC@5	APLT@5
drop0.2_double_GETAllNetworkMerge_user-centroid_item_emb_user-profile_item_emb_top5.tsv	0.6932891156462585	0.5542337527479927	0.5660109924024719	0.8846950446794373	0.6404650603133051	0.6251653679741451	0.23153723762315648
