model	Precision@5	Recall@5	F1@5	NDCG@5	Gini@5	EPC@5	APLT@5
drop0.2_double_GETAllNetworkMerge_user-centroid_item_emb_user-profile_item_emb_top5.tsv	0.7953659077059442	0.45503685431539487	0.49093027425784797	0.9384114436262521	0.7793273235851215	0.6512390193522879	0.0673762977689419
