model	Precision@5	Recall@5	F1@5	NDCG@5	Gini@5	EPC@5	APLT@5
drop0.4_uni_GETAllNetworkBasic_user-centroid_item_emb_top5.tsv	0.6958503401360544	0.5533889163785466	0.5677317971307638	0.8905325478355698	0.648914242710507	0.6301450006965674	0.22698427268832994
