model	Precision@5	Recall@5	F1@5	NDCG@5	Gini@5	EPC@5	APLT@5
drop0.4_uni_GETAllNetworkBasic_user-centroid_item_emb_top5.tsv	0.8039333000941775	0.45780414666463015	0.49438815976448114	0.9454213584856068	0.7783799729287821	0.6567960466856007	0.06886735144687431
