model	Precision@10	Recall@10	F1@10	NDCG@10	Gini@10	EPC@10	APLT@10
drop0_double_GETAllNetworkMerge_compgcn_384_n1_user-profile_item_emb_top10.pth	0.6571586491739553	0.8647157183675475	0.7050214700525756	0.8582690896842551	0.6539368995569229	0.5968701444486424	0.24993596300278878
