model	Precision@10	Recall@10	F1@10	NDCG@10	Gini@10	EPC@10	APLT@10
drop0_double_GETAllNetworkMerge_compgcn_384_n1_user-profile_item_emb_top10.pth	0.7418754666012436	0.6517659954270348	0.6141923295052704	0.9289838264439655	0.7564856932441579	0.6309633407694467	0.09646098278056528
