model	Precision@5	Recall@5	F1@5	NDCG@5	Gini@5	EPC@5	APLT@5
drop0.4_uni_GETAllNetworkBasic_compgcn_384_n1_top5.tsv	0.69871768707483	0.5555260284994521	0.5701284410539447	0.8922453255039571	0.6664819843808403	0.6323327032159287	0.21666666666666667
