model	Precision@5	Recall@5	F1@5	NDCG@5	Gini@5	EPC@5	APLT@5
drop0.4_uni_GETAllNetworkBasic_compgcn_384_n1_top5.tsv	0.789515816298266	0.45278761038945536	0.4875955367990097	0.9370715962570335	0.7885786759587498	0.64481703529941	0.06711122155953171
