model	Precision@10	Recall@10	F1@10	NDCG@10	Gini@10	EPC@10	APLT@10
drop0_double_GETAllNetworkConcat_user-profile_item_emb_compgcn_384_n1_top10.pth	0.6596892614188532	0.8695954268110314	0.7080401171922084	0.8609871341135358	0.6605940624544575	0.6001544076586216	0.24448342031874248
