model	Precision@10	Recall@10	F1@10	NDCG@10	Gini@10	EPC@10	APLT@10
drop0_double_GETAllNetworkConcat_user-profile_item_emb_compgcn_384_n1_top10.pth	0.746163317689826	0.6541858470509874	0.6170081953464535	0.9294830769834773	0.7571139699261172	0.6313693306754317	0.09389305700190391
