model	Precision@10	Recall@10	F1@10	NDCG@10	Gini@10	EPC@10	APLT@10
drop0.2_double_GETAllNetworkMerge_user-centroid_item_emb_user-profile_item_emb_top10.pth	0.6606892614188532	0.8698443590845737	0.7089066720516	0.8679571512281888	0.6537937942012018	0.6034263916948199	0.2523593153068094
