model	Precision@10	Recall@10	F1@10	NDCG@10	Gini@10	EPC@10	APLT@10
drop0.2_double_GETAllNetworkMerge_user-centroid_item_emb_user-profile_item_emb_top10.pth	0.7447007948379064	0.6528562505623037	0.6158270220378561	0.9296828462928955	0.756672532232398	0.6321308182084245	0.0938433552126395
