model	Precision@5	Recall@5	F1@5	NDCG@5	Gini@5	EPC@5	APLT@5
drop0.4_double_GETAllNetworkMerge_compgcn_384_n1_user-profile_item_emb_top5.tsv	0.699125850340136	0.55467287043636	0.5699840157759027	0.8896332921993237	0.6616295055430577	0.6311976328786595	0.2179517777369806
