model	Precision@5	Recall@5	F1@5	NDCG@5	Gini@5	EPC@5	APLT@5
drop0.4_double_GETAllNetworkMerge_compgcn_384_n1_user-profile_item_emb_top5.tsv	0.7897817295440696	0.4530138362159516	0.4880749217133247	0.9371987285797128	0.7835688414145416	0.6453765730882174	0.06919869670863707
