model	Precision@5	Recall@5	F1@5	NDCG@5	Gini@5	EPC@5	APLT@5
drop0.2_double_GETAllNetworkConcat_user-profile_item_emb_compgcn_384_n1_top5.tsv	0.7008707482993197	0.5581269218537968	0.572435230089204	0.8894894482660806	0.6629310049753722	0.6319508291210042	0.21075515574322257
