model	Precision@5	Recall@5	F1@5	NDCG@5	Gini@5	EPC@5	APLT@5
drop0.2_double_GETAllNetworkConcat_user-profile_item_emb_compgcn_384_n1_top5.tsv	0.7924741011578306	0.45306865510046457	0.4885351596687454	0.9377371023261463	0.7845475034735426	0.646865146494509	0.06721062513806053
