model	Precision@5	Recall@5	F1@5	NDCG@5	Gini@5	EPC@5	APLT@5
drop0.4_double_GETAllNetworkConcat_user-centroid_item_emb_compgcn_384_n1_top5.tsv	0.6989727891156462	0.5566069305905582	0.5704839910065439	0.8917920236851129	0.6582308516424955	0.6322537337411114	0.21203108744874855
