model	Precision@5	Recall@5	F1@5	NDCG@5	Gini@5	EPC@5	APLT@5
drop0.4_double_GETAllNetworkConcat_compgcn_384_n1_user-centroid_item_emb_top5.tsv	0.7981164478422248	0.45540839875581457	0.49142223191002316	0.941609644677119	0.7750881876838808	0.6551808919021417	0.07068975038656947
