model	Precision@5	Recall@5	F1@5	NDCG@5	Gini@5	EPC@5	APLT@5
drop0.6_double_GETAllNetworkConcat_user-profile_item_emb_compgcn_384_n1_top5.tsv	0.7005544217687075	0.5549712903537777	0.5710234600338976	0.8958626345062943	0.6855075675884164	0.6340937752686582	0.20660608285906618
