model	Precision@5	Recall@5	F1@5	NDCG@5	Gini@5	EPC@5	APLT@5
drop0.6_double_GETAllNetworkConcat_user-profile_item_emb_compgcn_384_n1_top5.tsv	0.7893828596753644	0.452804938541713	0.4877515765211235	0.9343523402289746	0.7944791417794359	0.6389013138347369	0.06472553567483985
