model	Precision@10	Recall@10	F1@10	NDCG@10	Gini@10	EPC@10	APLT@10
drop0.6_double_GETAllNetworkMerge_user-centroid_item_emb_user-profile_item_emb_top10.pth	0.6594647716229349	0.8689038669536552	0.7077014042325236	0.87070649517795	0.6534403733748683	0.6045893328620441	0.2559209088445365
