model	Precision@10	Recall@10	F1@10	NDCG@10	Gini@10	EPC@10	APLT@10
drop0.6_double_GETAllNetworkMerge_user-centroid_item_emb_user-profile_item_emb_top10.pth	0.7444847403256911	0.6534709501254962	0.6161766276484709	0.929383111145522	0.7677717143506176	0.6278245235437507	0.08782943871164547
