model	Precision@5	Recall@5	F1@5	NDCG@5	Gini@5	EPC@5	APLT@5
drop0_double_GETAllNetworkMerge_compgcn_384_n1_user-profile_item_emb_top5.tsv	0.6861768707482993	0.546210021094159	0.5597042814239185	0.8741100390274168	0.6227658748589816	0.6155566651655477	0.24894131326112234
