model	Precision@5	Recall@5	F1@5	NDCG@5	Gini@5	EPC@5	APLT@5
drop0_double_GETAllNetworkMerge_compgcn_384_n1_user-profile_item_emb_top5.tsv	0.7918093180433217	0.4531310275670403	0.4883828609639875	0.9378034123631254	0.7775703548975509	0.6506227015974343	0.07522918047271923
