model	Precision@5	Recall@5	F1@5	NDCG@5	Gini@5	EPC@5	APLT@5
drop0.4_double_GETAllNetworkMerge_user-centroid_item_emb_user-profile_item_emb_top5.tsv	0.6965136054421769	0.5547302290607955	0.5682771797877437	0.8879854853305629	0.6557614604637957	0.6287590698469596	0.2218071109479224
