model	Precision@5	Recall@5	F1@5	NDCG@5	Gini@5	EPC@5	APLT@5
drop0.4_double_GETAllNetworkMerge_user-centroid_item_emb_user-profile_item_emb_top5.tsv	0.7941028197883774	0.4542277574203186	0.4899922715878	0.9397458168422432	0.7840069583668944	0.6489954724364125	0.06687927987629778
