model	Precision@5	Recall@5	F1@5	NDCG@5	Gini@5	EPC@5	APLT@5
drop0.8_tri_GETAllNetworkTriSelfSourcesCross_user-centroid_item_emb_user-profile_item_emb_compgcn_384_n1_top5.tsv	0.683687074829932	0.5415695985082081	0.5568663477717434	0.8813277032261014	0.6677036544478838	0.6159882376932144	0.23332721375680804
