model	Precision@5	Recall@5	F1@5	NDCG@5	Gini@5	EPC@5	APLT@5
drop0.8_tri_GETAllNetworkTriSelfSourcesCross_user-centroid_item_emb_user-profile_item_emb_compgcn_384_n1_top5.tsv	0.7835660074234114	0.4508357692758167	0.48524077675334204	0.9322296331567895	0.8143198168523151	0.6233427739536072	0.04971559531698697
