model	Precision@5	Recall@5	F1@5	NDCG@5	Gini@5	EPC@5	APLT@5
drop0.8_double_GETAllNetworkMerge_user-centroid_item_emb_user-profile_item_emb_top5.tsv	0.6914829931972789	0.5469010870310232	0.5630813532702359	0.8933722159635376	0.6928054035148365	0.6253153079251366	0.20601860351263693
