model	Precision@5	Recall@5	F1@5	NDCG@5	Gini@5	EPC@5	APLT@5
drop0.8_double_GETAllNetworkMerge_user-centroid_item_emb_user-profile_item_emb_top5.tsv	0.7900144036341477	0.4522749103735002	0.48754130770123083	0.9353391709083332	0.8038236011343677	0.6366884365772066	0.04789319637729181
