model	Precision@5	Recall@5	F1@5	NDCG@5	Gini@5	EPC@5	APLT@5
drop0.2_uni_GETAllNetworkBasic_compgcn_384_n1_top5.tsv	0.6996972789115645	0.555620307236588	0.5709284557072638	0.8864972173306014	0.6558010590579515	0.6298982140882988	0.22143993635640416
