model	Precision@5	Recall@5	F1@5	NDCG@5	Gini@5	EPC@5	APLT@5
drop0.2_uni_GETAllNetworkBasic_compgcn_384_n1_top5.tsv	0.7935128247742507	0.45421195797192004	0.48930095532767787	0.9370437603520624	0.7841143386678784	0.6487252999880532	0.07095482659597968
