model	Precision@10	Recall@10	F1@10	NDCG@10	Gini@10	EPC@10	APLT@10
drop0.6_uni_GETAllNetworkBasic_compgcn_384_n1_top10.pth	0.6622606899902818	0.8734129113972735	0.7110686730715576	0.8744871392761535	0.6568023141995097	0.6078862688443335	0.2566001818388453
