model	Precision@10	Recall@10	F1@10	NDCG@10	Gini@10	EPC@10	APLT@10
drop0.6_uni_GETAllNetworkBasic_compgcn_384_n1_top10.pth	0.7400140738806187	0.6510953568861311	0.6132864988298876	0.9261569453108434	0.7694857850584366	0.6227641876224634	0.08826018755193704
