model	Precision@5	Recall@5	F1@5	NDCG@5	Gini@5	EPC@5	APLT@5
drop0.2_uni_GETAllNetworkBasic_user-centroid_item_emb_top5.tsv	0.692156462585034	0.5518213610014172	0.5646361671213945	0.8843568921447674	0.6343265733532832	0.625048727982954	0.23765987393672358
