model	Precision@5	Recall@5	F1@5	NDCG@5	Gini@5	EPC@5	APLT@5
drop0.2_uni_GETAllNetworkBasic_user-centroid_item_emb_top5.tsv	0.8052379369564013	0.45842484752312085	0.49541037349989986	0.945367611286109	0.7672352936504665	0.660581635171404	0.07178318975038657
