model	Precision@10	Recall@10	F1@10	NDCG@10	Gini@10	EPC@10	APLT@10
drop0.2_double_GETAllNetworkConcat_user-profile_item_emb_user-centroid_item_emb_top10.pth	0.660668853255588	0.8709250926100851	0.7090929523384181	0.8674957366893837	0.6582314178071721	0.6043033121388482	0.24637436946506158
