model	Precision@10	Recall@10	F1@10	NDCG@10	Gini@10	EPC@10	APLT@10
drop0.2_double_GETAllNetworkConcat_user-profile_item_emb_user-centroid_item_emb_top10.pth	0.749869483553213	0.6560093507645086	0.619441576693693	0.9345787381333863	0.7499954100465129	0.6385058331727796	0.0959805321510093
