model	Precision@10	Recall@10	F1@10	NDCG@10	Gini@10	EPC@10	APLT@10
drop0.8_uni_GETAllNetworkBasic_compgcn_384_n1_top10.pth	0.6610157920310982	0.8715888924457036	0.7095897127087616	0.871067783226799	0.6557374548027965	0.6055743368723108	0.2573161722923059
