model	Precision@10	Recall@10	F1@10	NDCG@10	Gini@10	EPC@10	APLT@10
drop0.8_uni_GETAllNetworkBasic_compgcn_384_n1_top10.pth	0.7348786243210375	0.6477703587025546	0.6097263212089636	0.9239930010093912	0.7829592032153232	0.6158009412902005	0.07853520411920015
