model	Precision@10	Recall@10	F1@10	NDCG@10	Gini@10	EPC@10	APLT@10
drop0.2_uni_GETAllNetworkBasic_user-profile_item_emb_top10.pth	0.6615259961127309	0.8717270930472896	0.7100253905497023	0.8697225436799154	0.6605959836894758	0.6054813785359741	0.24723722975512952
