model	Precision@10	Recall@10	F1@10	NDCG@10	Gini@10	EPC@10	APLT@10
drop0.2_uni_GETAllNetworkBasic_user-profile_item_emb_top10.pth	0.7437368593218685	0.6527218430596158	0.6154134507827038	0.9294820518055903	0.7574033680460238	0.6313818654833517	0.09566575415233466
