model	Precision@10	Recall@10	F1@10	NDCG@10	Gini@10	EPC@10	APLT@10
drop0.8_uni_GETAllNetworkBasic_user-centroid_item_emb_top10.pth	0.6548117103984451	0.8629732837646686	0.7027147333797058	0.8659185271414396	0.6474095748155215	0.5991255960667301	0.2617773435792529
