model	Precision@10	Recall@10	F1@10	NDCG@10	Gini@10	EPC@10	APLT@10
drop0.8_uni_GETAllNetworkBasic_user-centroid_item_emb_top10.pth	0.742390673514988	0.6515411385678562	0.6141361412853511	0.9302103068817755	0.7790728479108596	0.6241435737401483	0.08080491916227503
