model	Precision@10	Recall@10	F1@10	NDCG@10	Gini@10	EPC@10	APLT@10
drop0.4_double_GETAllNetworkConcat_user-profile_item_emb_compgcn_384_n1_top10.pth	0.6622402818270164	0.871775904130164	0.7106514279182808	0.8753626952516964	0.6656636323087336	0.6082597251211205	0.24503418220601988
