model	Precision@10	Recall@10	F1@10	NDCG@10	Gini@10	EPC@10	APLT@10
drop0.4_double_GETAllNetworkConcat_user-profile_item_emb_compgcn_384_n1_top10.pth	0.7427895433836933	0.6521913744026885	0.614788387509377	0.928145613396028	0.7613314244597447	0.6273591798014726	0.09313096289984958
