model	Precision@5	Recall@5	F1@5	NDCG@5	Gini@5	EPC@5	APLT@5
drop0_double_GETAllNetworkMerge_compgcn_384_n1_user-centroid_item_emb_top5.tsv	0.6803911564625851	0.5376747604364494	0.5533550598329738	0.8771329105632807	0.6125195459793389	0.6132738997587259	0.2562848050914877
