model	Precision@5	Recall@5	F1@5	NDCG@5	Gini@5	EPC@5	APLT@5
drop0_double_GETAllNetworkMerge_compgcn_384_n1_user-centroid_item_emb_top5.tsv	0.801066422912858	0.4558345564938217	0.4922287247741941	0.9400096011509297	0.7396981509196378	0.6680435411360325	0.08632924674177159
