model	Precision@5	Recall@5	F1@5	NDCG@5	Gini@5	EPC@5	APLT@5
drop0.2_double_GETAllNetworkMerge_compgcn_384_n1_user-profile_item_emb_top5.tsv	0.6955748299319727	0.5533307993255314	0.5674964172505049	0.8879251851991679	0.6531593742398493	0.628224913363492	0.22279848234502175
