model	Precision@5	Recall@5	F1@5	NDCG@5	Gini@5	EPC@5	APLT@5
drop0.2_double_GETAllNetworkMerge_compgcn_384_n1_user-profile_item_emb_top5.tsv	0.7899811644784223	0.4519158386800991	0.4872790400629257	0.938153613713069	0.7768237815648028	0.6480741420830378	0.0733736470068478
