model	Precision@5	Recall@5	F1@5	NDCG@5	Gini@5	EPC@5	APLT@5
drop0_tri_GETAllNetworkTriSelfSourcesCross_user-centroid_item_emb_user-profile_item_emb_compgcn_384_n1_top5.tsv	0.8006758628330841	0.4574628971962231	0.4929522826678282	0.9412240690460847	0.7546516121087563	0.6625023893629232	0.08288325601943893
