model	Precision@5	Recall@5	F1@5	NDCG@5	Gini@5	EPC@5	APLT@5
drop0.8_tri_GETAllNetworkTriConcat_user-centroid_item_emb_user-profile_item_emb_compgcn_384_n1_top5.tsv	0.6905646258503402	0.546851636198409	0.5626268200241598	0.8936062190013059	0.6965257303613245	0.6256054210999851	0.19981335291597824
