model	Precision@5	Recall@5	F1@5	NDCG@5	Gini@5	EPC@5	APLT@5
drop0.8_tri_GETAllNetworkTriConcat_user-centroid_item_emb_user-profile_item_emb_compgcn_384_n1_top5.tsv	0.7978172954406959	0.4558770817846353	0.49188458152973735	0.9406823409586035	0.7874694626583266	0.6500033259462712	0.06509001546277889
