model	Precision@5	Recall@5	F1@5	NDCG@5	Gini@5	EPC@5	APLT@5
drop0.4_tri_GETAllNetworkTriSelfSourcesCross_user-centroid_item_emb_user-profile_item_emb_compgcn_384_n1_top5.tsv	0.6387176870748299	0.4955846632920305	0.5153637977340794	0.8470696047606582	0.6466398052158361	0.5683047311905648	0.26594149684841806
