model	Precision@5	Recall@5	F1@5	NDCG@5	Gini@5	EPC@5	APLT@5
drop0.4_tri_GETAllNetworkTriSelfSourcesCross_user-centroid_item_emb_user-profile_item_emb_compgcn_384_n1_top5.tsv	0.8041909035510498	0.45861809120151253	0.49512399442591454	0.943622799532561	0.7762860880982518	0.6548689925413304	0.06571957146012812
