model	Precision@10	Recall@10	F1@10	NDCG@10	Gini@10	EPC@10	APLT@10
drop0.4_double_GETAllNetworkMerge_compgcn_384_n1_user-centroid_item_emb_top10.pth	0.6552606899902819	0.8639973494348929	0.7030929150732566	0.864219020311623	0.641537789992412	0.5997656534262257	0.2617773435792529
