model	Precision@10	Recall@10	F1@10	NDCG@10	Gini@10	EPC@10	APLT@10
drop0.4_double_GETAllNetworkMerge_compgcn_384_n1_user-centroid_item_emb_top10.pth	0.7531601599700319	0.6573698035639332	0.6211189780433556	0.9356124049797395	0.7463660206771664	0.6409185805676351	0.09583142678321604
