model	Precision@5	Recall@5	F1@5	NDCG@5	Gini@5	EPC@5	APLT@5
drop0.6_uni_GETAllNetworkBasic_compgcn_384_n1_top5.tsv	0.7010850340136054	0.5580608404595341	0.5721270403832606	0.8931224709161812	0.6782914892781635	0.6335747360247835	0.21141607000795543
