model	Precision@5	Recall@5	F1@5	NDCG@5	Gini@5	EPC@5	APLT@5
drop0.6_uni_GETAllNetworkBasic_compgcn_384_n1_top5.tsv	0.7878954074566505	0.4526593503328394	0.4870836520449752	0.9346068740793093	0.7963343196455335	0.6386247397535214	0.06084879611221559
