model	Precision@10	Recall@10	F1@10	NDCG@10	Gini@10	EPC@10	APLT@10
drop0.8_tri_GETAllNetworkTriConcat_user-centroid_item_emb_user-profile_item_emb_compgcn_384_n1_top10.pth	0.6579953838678329	0.8660881700954915	0.7061287485348406	0.8716770824206538	0.6575786894400673	0.6033982673004255	0.25586583265580876
