model	Precision@10	Recall@10	F1@10	NDCG@10	Gini@10	EPC@10	APLT@10
drop0.8_tri_GETAllNetworkTriConcat_user-centroid_item_emb_user-profile_item_emb_compgcn_384_n1_top10.pth	0.7464458505134922	0.6540064330122538	0.6170002321792964	0.9322106563102175	0.7593478281089251	0.632140948766293	0.09279961763808683
