model	Precision@5	Recall@5	F1@5	NDCG@5	Gini@5	EPC@5	APLT@5
drop0.4_uni_GETAllNetworkBasic_user-profile_item_emb_top5.tsv	0.6993095238095238	0.5555113158045173	0.5704262294754457	0.8916497331785109	0.6707201174684728	0.6318569216909344	0.2091395875405422
