model	Precision@5	Recall@5	F1@5	NDCG@5	Gini@5	EPC@5	APLT@5
drop0.4_uni_GETAllNetworkBasic_user-profile_item_emb_top5.tsv	0.7908453825272838	0.45279758010444404	0.4882050070824646	0.9380639793210686	0.7915008611830133	0.6451463480888542	0.06581897503865695
