model	Precision@10	Recall@10	F1@10	NDCG@10	Gini@10	EPC@10	APLT@10
drop0.8_uni_GETAllNetworkBasic_user-profile_item_emb_top10.pth	0.6611586491739553	0.8720741311299218	0.7097103424525006	0.8699184730282328	0.6568349101663233	0.6054195696407343	0.25716930245569863
