model	Precision@10	Recall@10	F1@10	NDCG@10	Gini@10	EPC@10	APLT@10
drop0.8_uni_GETAllNetworkBasic_user-profile_item_emb_top10.pth	0.7343966565630186	0.6474418250978217	0.6093846642591193	0.9234331504857741	0.7827261650231006	0.6166044627565784	0.08135163884418357
