model	Precision@5	Recall@5	F1@5	NDCG@5	Gini@5	EPC@5	APLT@5
drop0.6_double_GETAllNetworkMerge_user-centroid_item_emb_user-profile_item_emb_top5.tsv	0.6950034013605443	0.5531234571479011	0.5667204775758637	0.8901967985746645	0.6802230165450979	0.6282804642082149	0.20495379719723392
