model	Precision@5	Recall@5	F1@5	NDCG@5	Gini@5	EPC@5	APLT@5
drop0.6_double_GETAllNetworkMerge_user-centroid_item_emb_user-profile_item_emb_top5.tsv	0.7941360589441028	0.4542784036700354	0.4899969849037997	0.9380202275441937	0.7930715104124421	0.6446153914808491	0.060616854428981674
