model	Precision@10	Recall@10	F1@10	NDCG@10	Gini@10	EPC@10	APLT@10
drop0.4_double_GETAllNetworkMerge_user-centroid_item_emb_user-profile_item_emb_top10.pth	0.6615668124392614	0.8724705005168375	0.7101806542574529	0.8699727495530609	0.6529839920737234	0.6055548850954012	0.25564552790089784
