model	Precision@10	Recall@10	F1@10	NDCG@10	Gini@10	EPC@10	APLT@10
drop0.4_double_GETAllNetworkMerge_user-centroid_item_emb_user-profile_item_emb_top10.pth	0.745199382173788	0.6536378634180745	0.6164860159638331	0.9306155040119531	0.7605829766238028	0.6313676060918721	0.09223633069309013
