model	Precision@5	Recall@5	F1@5	NDCG@5	Gini@5	EPC@5	APLT@5
drop0.8_uni_GETAllNetworkBasic_user-profile_item_emb_top5.tsv	0.6964727891156463	0.5520768764610144	0.5676753653321825	0.8912519072141623	0.6961416823353545	0.6284349752498898	0.2070834098280399
