model	Precision@5	Recall@5	F1@5	NDCG@5	Gini@5	EPC@5	APLT@5
drop0.8_uni_GETAllNetworkBasic_user-profile_item_emb_top5.tsv	0.7814054623012576	0.4490689206450454	0.483338992181693	0.9321169804904438	0.807852697616778	0.6322548399047017	0.052167550254031365
