model	Precision@10	Recall@10	F1@10	NDCG@10	Gini@10	EPC@10	APLT@10
drop0.8_double_GETAllNetworkMerge_compgcn_384_n1_user-profile_item_emb_top10.pth	0.659811710398445	0.8696121124230053	0.7081326526752147	0.8725990222546827	0.6548725248275258	0.6055090545217886	0.2583259024189812
