model	Precision@10	Recall@10	F1@10	NDCG@10	Gini@10	EPC@10	APLT@10
drop0.8_double_GETAllNetworkMerge_compgcn_384_n1_user-profile_item_emb_top10.pth	0.7356431249027228	0.6484160996467806	0.6102339961008337	0.9246169552725864	0.7799400687147435	0.6190155474300635	0.08151731147506495
