model	Precision@10	Recall@10	F1@10	NDCG@10	Gini@10	EPC@10	APLT@10
drop0.4_tri_GETAllNetworkTriSelfSourcesCross_user-centroid_item_emb_user-profile_item_emb_compgcn_384_n1_top10.pth	0.6417300777453838	0.840249028511452	0.6872663245158004	0.8241118772579362	0.6487079767953148	0.5703427271755196	0.2640171085875143
