model	Precision@10	Recall@10	F1@10	NDCG@10	Gini@10	EPC@10	APLT@10
drop0.4_tri_GETAllNetworkTriSelfSourcesCross_user-centroid_item_emb_user-profile_item_emb_compgcn_384_n1_top10.pth	0.7505508862455846	0.656239410609103	0.619715287895183	0.9349285430023644	0.7543506157021275	0.6359813289390828	0.09394275879116834
