model	Precision@5	Recall@5	F1@5	NDCG@5	Gini@5	EPC@5	APLT@5
drop0.4_double_GETAllNetworkConcat_user-profile_item_emb_user-centroid_item_emb_top5.tsv	0.698625850340136	0.5557160793782784	0.5697106914857086	0.8927113853831835	0.6609924519630288	0.6322817442525189	0.21332537788385045
