model	Precision@5	Recall@5	F1@5	NDCG@5	Gini@5	EPC@5	APLT@5
drop0.4_double_GETAllNetworkConcat_user-profile_item_emb_user-centroid_item_emb_top5.tsv	0.8006010747327019	0.45749653986923305	0.4935454941927899	0.9416610312915765	0.7740597720399623	0.6574471551327256	0.06870167881599293
