model	Precision@10	Recall@10	F1@10	NDCG@10	Gini@10	EPC@10	APLT@10
drop0.6_double_GETAllNetworkMerge_compgcn_384_n1_user-profile_item_emb_top10.pth	0.6628933430515063	0.8743178910548043	0.7116740352082129	0.8736725219535914	0.6564371241257747	0.6081621749341272	0.2561779310585993
