model	Precision@10	Recall@10	F1@10	NDCG@10	Gini@10	EPC@10	APLT@10
drop0.6_double_GETAllNetworkMerge_compgcn_384_n1_user-profile_item_emb_top10.pth	0.7396816823233642	0.6512205800097303	0.613279138519326	0.9267961284721474	0.7700304548945893	0.622865954529798	0.09026482638560172
