model	Precision@10	Recall@10	F1@10	NDCG@10	Gini@10	EPC@10	APLT@10
drop0.2_double_GETAllNetworkMerge_compgcn_384_n1_user-centroid_item_emb_top10.pth	0.6548117103984451	0.8619774035944187	0.7024866736637266	0.8622809518208623	0.6392153791089158	0.5983999760095656	0.26219959435949886
