model	Precision@10	Recall@10	F1@10	NDCG@10	Gini@10	EPC@10	APLT@10
drop0.2_double_GETAllNetworkMerge_compgcn_384_n1_user-centroid_item_emb_top10.pth	0.7529939641914047	0.6570873871636792	0.6208275502945494	0.9360373609080546	0.7405851445065269	0.6441610142790071	0.09982413718745727
