model	Precision@10	Recall@10	F1@10	NDCG@10	Gini@10	EPC@10	APLT@10
drop0_uni_GETAllNetworkBasic_compgcn_384_n1_top10.pth	0.6602606899902818	0.8690171863739974	0.7083907076473757	0.865839216036485	0.6609952111106084	0.6024969376878603	0.24312487433012495
