model	Precision@10	Recall@10	F1@10	NDCG@10	Gini@10	EPC@10	APLT@10
drop0_uni_GETAllNetworkBasic_compgcn_384_n1_top10.pth	0.7438199572111821	0.6526012698160847	0.6152680875135185	0.9288918960683298	0.7508659096481338	0.6334604962331006	0.09884666866525714
