model	Precision@5	Recall@5	F1@5	NDCG@5	Gini@5	EPC@5	APLT@5
drop0_double_GETAllNetworkMerge_user-centroid_item_emb_user-profile_item_emb_top5.tsv	0.6889727891156463	0.5491921614028298	0.5617127906761568	0.8776944567635717	0.6344560290555928	0.6193975203551912	0.23387797564408544
