model	Precision@10	Recall@10	F1@10	NDCG@10	Gini@10	EPC@10	APLT@10
drop0_double_GETAllNetworkConcat_compgcn_384_n1_user-centroid_item_emb_top10.pth	0.6566280369290574	0.8661131610609085	0.7048002015415137	0.8601173824306453	0.6573899103105973	0.5977122708060749	0.2461540647101506
