model	Precision@10	Recall@10	F1@10	NDCG@10	Gini@10	EPC@10	APLT@10
drop0_double_GETAllNetworkConcat_compgcn_384_n1_user-centroid_item_emb_top10.pth	0.7488556893035869	0.655661677483515	0.6188230474173754	0.9320525445187064	0.7504337077784603	0.6364406608464986	0.09892950498069783
