model	Precision@10	Recall@10	F1@10	NDCG@10	Gini@10	EPC@10	APLT@10
drop0.2_tri_GETAllNetworkTriConcat_user-centroid_item_emb_user-profile_item_emb_compgcn_384_n1_top10.pth	0.6599749757045675	0.8700891279211791	0.7082882753014829	0.8631241781094823	0.6568358662056634	0.6013297483216189	0.24734738213258498
