model	Precision@10	Recall@10	F1@10	NDCG@10	Gini@10	EPC@10	APLT@10
drop0.2_tri_GETAllNetworkTriConcat_user-centroid_item_emb_user-profile_item_emb_compgcn_384_n1_top10.pth	0.7519303112081905	0.6565022937837066	0.620235037266206	0.9356961653295482	0.7386703957052545	0.6428213340776527	0.10206071770435586
