model	Precision@5	Recall@5	F1@5	NDCG@5	Gini@5	EPC@5	APLT@5
drop0.6_double_GETAllNetworkMerge_compgcn_384_n1_user-centroid_item_emb_top5.tsv	0.6867891156462586	0.5454997380132276	0.5600448767678625	0.8891074204593982	0.639544076931538	0.6231990482180159	0.23216143442873752
