model	Precision@5	Recall@5	F1@5	NDCG@5	Gini@5	EPC@5	APLT@5
drop0.6_double_GETAllNetworkMerge_compgcn_384_n1_user-centroid_item_emb_top5.tsv	0.802836407955238	0.4586847789467308	0.4946899170846328	0.9428634107492213	0.7801559584973841	0.6541868386728673	0.062141042633090345
