model	Precision@10	Recall@10	F1@10	NDCG@10	Gini@10	EPC@10	APLT@10
drop0.4_uni_GETAllNetworkBasic_user-centroid_item_emb_top10.pth	0.659403547133139	0.8693091059889965	0.7077596685939325	0.8713963570847462	0.6486906642324728	0.605305596352176	0.2583993373372848
