model	Precision@10	Recall@10	F1@10	NDCG@10	Gini@10	EPC@10	APLT@10
drop0.4_uni_GETAllNetworkBasic_user-centroid_item_emb_top10.pth	0.7507835603356626	0.6564930736450129	0.619951346903525	0.9358711364538516	0.7559808025737426	0.6373394986223607	0.09440664215763618
