model	Precision@10	Recall@10	F1@10	NDCG@10	Gini@10	EPC@10	APLT@10
drop0_double_GETAllNetworkConcat_user-profile_item_emb_user-centroid_item_emb_top10.pth	0.6583831389698737	0.8687967223975314	0.7067703655046567	0.8591674426232299	0.6577212276051412	0.5985701944763888	0.24532792187923455
