model	Precision@10	Recall@10	F1@10	NDCG@10	Gini@10	EPC@10	APLT@10
drop0_double_GETAllNetworkConcat_user-profile_item_emb_user-centroid_item_emb_top10.pth	0.7482407649226662	0.6550117268980521	0.6183255991520793	0.9330668367308571	0.7507325202959317	0.637840544954783	0.09962533003039963
