model	Precision@10	Recall@10	F1@10	NDCG@10	Gini@10	EPC@10	APLT@10
drop0_tri_GETAllNetworkTriConcat_user-centroid_item_emb_user-profile_item_emb_compgcn_384_n1_top10.pth	0.6581994655004859	0.8665141377186378	0.7061242418415747	0.8579542224471167	0.6605119957548862	0.5974335339051132	0.24240888387666432
