model	Precision@10	Recall@10	F1@10	NDCG@10	Gini@10	EPC@10	APLT@10
drop0_tri_GETAllNetworkTriConcat_user-centroid_item_emb_user-profile_item_emb_compgcn_384_n1_top10.pth	0.7467948616486094	0.6536917297490766	0.6168587845571856	0.9298038941223317	0.720878535492164	0.6445670930519499	0.11407198344325581
