model	Precision@10	Recall@10	F1@10	NDCG@10	Gini@10	EPC@10	APLT@10
drop0.2_tri_GETAllNetworkTriSelfSourcesCross_user-centroid_item_emb_user-profile_item_emb_compgcn_384_n1_top10.pth	0.6418321185617105	0.839912290985939	0.6872975528392	0.8248704801865551	0.6478856470363605	0.5708659100683602	0.26436592444945667
