model	Precision@10	Recall@10	F1@10	NDCG@10	Gini@10	EPC@10	APLT@10
drop0.2_tri_GETAllNetworkTriSelfSourcesCross_user-centroid_item_emb_user-profile_item_emb_compgcn_384_n1_top10.pth	0.7518804524746022	0.6571328536469371	0.6206468604807971	0.9372756426246253	0.7481985302360583	0.6398765449741521	0.09483739099792778
