model	Precision@5	Recall@5	F1@5	NDCG@5	Gini@5	EPC@5	APLT@5
drop0.2_double_GETAllNetworkMerge_compgcn_384_n1_user-centroid_item_emb_top5.tsv	0.6841054421768707	0.5436116216777823	0.5576348910216318	0.8806161467129419	0.6087723003873418	0.6189460532663461	0.2555137384492993
