model	Precision@5	Recall@5	F1@5	NDCG@5	Gini@5	EPC@5	APLT@5
drop0.2_double_GETAllNetworkMerge_compgcn_384_n1_user-centroid_item_emb_top5.tsv	0.8061686333167138	0.4589165300829085	0.49544153122719164	0.9444431871074667	0.7558555626878583	0.6661336588780224	0.07728352109564833
