model	Precision@5	Recall@5	F1@5	NDCG@5	Gini@5	EPC@5	APLT@5
drop0.8_double_GETAllNetworkMerge_compgcn_384_n1_user-centroid_item_emb_top5.tsv	0.6840238095238095	0.5411037061239483	0.5572231717849774	0.8881229746528243	0.672146907820072	0.619125148394624	0.21181996205862555
