model	Precision@5	Recall@5	F1@5	NDCG@5	Gini@5	EPC@5	APLT@5
drop0.8_double_GETAllNetworkMerge_compgcn_384_n1_user-centroid_item_emb_top5.tsv	0.7938701456982992	0.45445706187097706	0.4898163746551351	0.9387952144395356	0.7999955598165023	0.6412560540895021	0.051438590678153304
