model	Precision@5	Recall@5	F1@5	NDCG@5	Gini@5	EPC@5	APLT@5
drop0.2_double_GETAllNetworkConcat_compgcn_384_n1_user-centroid_item_emb_top5.tsv	0.696952380952381	0.5548656622217388	0.5688766522598389	0.8853641738313986	0.6395097538161	0.6280553727605697	0.22423046325194293
