model	Precision@5	Recall@5	F1@5	NDCG@5	Gini@5	EPC@5	APLT@5
drop0.2_double_GETAllNetworkConcat_compgcn_384_n1_user-centroid_item_emb_top5.tsv	0.7991468616697135	0.45605283528207563	0.492565093918809	0.941870607229758	0.7732565887811012	0.6552687793610196	0.06953004197039983
