model	Precision@5	Recall@5	F1@5	NDCG@5	Gini@5	EPC@5	APLT@5
drop0_tri_GETAllNetworkTriConcat_user-centroid_item_emb_user-profile_item_emb_compgcn_384_n1_top5.tsv	0.685860544217687	0.5447998482171492	0.5587657965640019	0.8757693688497359	0.6243457869228467	0.6152001532350369	0.24089101034208435
