model	Precision@5	Recall@5	F1@5	NDCG@5	Gini@5	EPC@5	APLT@5
drop0_tri_GETAllNetworkTriConcat_user-centroid_item_emb_user-profile_item_emb_compgcn_384_n1_top5.tsv	0.7963797019555705	0.45526411645872605	0.4908782543532504	0.9383708966085127	0.73465330275527	0.6685653783822422	0.0989866357411089
