model	Precision@5	Recall@5	F1@5	NDCG@5	Gini@5	EPC@5	APLT@5
drop0.2_uni_GETAllNetworkBasic_user-profile_item_emb_top5.tsv	0.6952891156462586	0.552279665168905	0.5670899572235861	0.8892741122696282	0.6530813810283823	0.6282789490455469	0.22161434428737528
