model	Precision@5	Recall@5	F1@5	NDCG@5	Gini@5	EPC@5	APLT@5
drop0.2_uni_GETAllNetworkBasic_user-profile_item_emb_top5.tsv	0.7928397318708105	0.4536840692583305	0.4890676254727205	0.9381360157623211	0.7837132758679365	0.6501208518300301	0.0698282527059863
