model	Precision@5	Recall@5	F1@5	NDCG@5	Gini@5	EPC@5	APLT@5
drop0.8_uni_GETAllNetworkBasic_compgcn_384_n1_top5.tsv	0.699656462585034	0.5558802331683326	0.5707862961023034	0.8907144333821363	0.695477209985698	0.6305636979820352	0.2053209717887522
