model	Precision@5	Recall@5	F1@5	NDCG@5	Gini@5	EPC@5	APLT@5
drop0.8_uni_GETAllNetworkBasic_compgcn_384_n1_top5.tsv	0.7820370062600409	0.44843681366797744	0.48303559435880056	0.933136515339887	0.8089817365229532	0.6310217559677936	0.04974872984316324
