model	Precision@10	Recall@10	F1@10	NDCG@10	Gini@10	EPC@10	APLT@10
drop0_double_GETAllNetworkMerge_compgcn_384_n1_user-centroid_item_emb_top10.pth	0.6555055879494656	0.8628129231169134	0.7031589544578518	0.8574413644733717	0.6452127686296804	0.5960155009902514	0.2591887627090491
