model	Precision@10	Recall@10	F1@10	NDCG@10	Gini@10	EPC@10	APLT@10
drop0_double_GETAllNetworkMerge_compgcn_384_n1_user-centroid_item_emb_top10.pth	0.749453994106645	0.6544180483195288	0.6181514287835256	0.9317572741388497	0.7269915332435386	0.644551104596374	0.10606999537168524
