model	Precision@10	Recall@10	F1@10	NDCG@10	Gini@10	EPC@10	APLT@10
drop0.2_double_GETAllNetworkMerge_compgcn_384_n1_user-profile_item_emb_top10.pth	0.660607628765792	0.8702777432774116	0.7089924577824799	0.8700481579999227	0.6609392593347465	0.6047321753839988	0.24510761712432358
