model	Precision@10	Recall@10	F1@10	NDCG@10	Gini@10	EPC@10	APLT@10
drop0.2_double_GETAllNetworkMerge_compgcn_384_n1_user-profile_item_emb_top10.pth	0.7420749015355961	0.6521340237466231	0.6144547836507488	0.9284020873130663	0.7548126526106185	0.630044421918995	0.09652725183291784
