model	Precision@10	Recall@10	F1@10	NDCG@10	Gini@10	EPC@10	APLT@10
drop0.6_double_GETAllNetworkConcat_user-profile_item_emb_compgcn_384_n1_top10.pth	0.6621994655004859	0.8719926057958456	0.7106927317063663	0.8744884925021805	0.6610683379442039	0.6083009415462907	0.2538647311320343
