model	Precision@10	Recall@10	F1@10	NDCG@10	Gini@10	EPC@10	APLT@10
drop0.6_double_GETAllNetworkConcat_user-profile_item_emb_compgcn_384_n1_top10.pth	0.7397647802126778	0.6509273005882072	0.6131944405298049	0.9264894978752451	0.7666654440965197	0.6228768864222683	0.09122572764471373
