model	Precision@5	Recall@5	F1@5	NDCG@5	Gini@5	EPC@5	APLT@5
drop0_uni_GETAllNetworkBasic_compgcn_384_n1_top5.tsv	0.6955340136054422	0.5533859819546937	0.5672838049240839	0.882164192934173	0.6435733572278509	0.625084762236332	0.22698427268832994
