model	Precision@5	Recall@5	F1@5	NDCG@5	Gini@5	EPC@5	APLT@5
drop0_uni_GETAllNetworkBasic_compgcn_384_n1_top5.tsv	0.7941942274666223	0.45444838143878963	0.48969361104597414	0.9381145495787195	0.7722001757806939	0.6538524984263768	0.07503037331566159
