model	Precision@10	Recall@10	F1@10	NDCG@10	Gini@10	EPC@10	APLT@10
drop0_uni_GETAllNetworkBasic_user-centroid_item_emb_top10.pth	0.6589749757045675	0.8686021993169035	0.7072621274270101	0.8605796123625632	0.6496221446245736	0.5995918679512638	0.25582911519665696
