model	Precision@10	Recall@10	F1@10	NDCG@10	Gini@10	EPC@10	APLT@10
drop0_uni_GETAllNetworkBasic_user-centroid_item_emb_top10.pth	0.7503846904669573	0.6558447260704098	0.6193945009575608	0.9334266715221663	0.7357181353229966	0.6418760897676183	0.10447953811522401
