model	Precision@10	Recall@10	F1@10	NDCG@10	Gini@10	EPC@10	APLT@10
drop0.4_double_GETAllNetworkConcat_user-centroid_item_emb_compgcn_384_n1_top10.pth	0.6607300777453838	0.8714691181123938	0.7091698258855985	0.8717618792336143	0.6561891199813181	0.6064225158561575	0.2510742042364954
