model	Precision@10	Recall@10	F1@10	NDCG@10	Gini@10	EPC@10	APLT@10
drop0.4_double_GETAllNetworkConcat_compgcn_384_n1_user-centroid_item_emb_top10.pth	0.7486894935249597	0.6553205529561406	0.6184634235492026	0.9322500453610783	0.753448322673988	0.6364855864000584	0.09574859046777535
