model	Precision@10	Recall@10	F1@10	NDCG@10	Gini@10	EPC@10	APLT@10
drop0.8_double_GETAllNetworkMerge_compgcn_384_n1_user-centroid_item_emb_top10.pth	0.6551586491739553	0.8626394382717597	0.7028879991486761	0.865620336771071	0.654276314726624	0.5990711952258136	0.25333232797433275
