model	Precision@10	Recall@10	F1@10	NDCG@10	Gini@10	EPC@10	APLT@10
drop0.8_double_GETAllNetworkMerge_compgcn_384_n1_user-centroid_item_emb_top10.pth	0.7442188270798875	0.6530617745460621	0.6158520331938425	0.9301512036882758	0.7753771496732769	0.6252052300160076	0.08171611863212262
