model	Precision@5	Recall@5	F1@5	NDCG@5	Gini@5	EPC@5	APLT@5
drop0.4_double_GETAllNetworkMerge_compgcn_384_n1_user-centroid_item_emb_top5.tsv	0.6848809523809525	0.5463235956448583	0.5591170660147691	0.8829791279028433	0.6220518672700064	0.6207137732828395	0.24380086897986664
