model	Precision@5	Recall@5	F1@5	NDCG@5	Gini@5	EPC@5	APLT@5
drop0.4_double_GETAllNetworkMerge_compgcn_384_n1_user-centroid_item_emb_top5.tsv	0.8061935626835078	0.4589802160250694	0.4957494544644476	0.9439947114155622	0.7636463172003284	0.6609645072715425	0.06972884912745747
