model	Precision@5	Recall@5	F1@5	NDCG@5	Gini@5	EPC@5	APLT@5
drop0.6_uni_GETAllNetworkBasic_user-profile_item_emb_top5.tsv	0.7005034013605442	0.5559342168830306	0.5713091749841258	0.8950056836667898	0.6804591904608847	0.6344630423779115	0.21060828590661526
