model	Precision@5	Recall@5	F1@5	NDCG@5	Gini@5	EPC@5	APLT@5
drop0.6_uni_GETAllNetworkBasic_user-profile_item_emb_top5.tsv	0.7878870976677194	0.45196939778567147	0.4866935683481611	0.9354364510411695	0.7968990945477843	0.6395586814497386	0.061180141373978356
