model	Precision@5	Recall@5	F1@5	NDCG@5	Gini@5	EPC@5	APLT@5
drop0.2_double_GETAllNetworkConcat_user-profile_item_emb_user-centroid_item_emb_top5.tsv	0.696595238095238	0.5548417915346029	0.5685017144988362	0.8853924825465174	0.644345180666306	0.6280901598796403	0.22580013463068357
