model	Precision@5	Recall@5	F1@5	NDCG@5	Gini@5	EPC@5	APLT@5
drop0.2_double_GETAllNetworkConcat_user-profile_item_emb_user-centroid_item_emb_top5.tsv	0.8035676693811977	0.4576177500137573	0.4943858431024305	0.9434412248491925	0.7721525544132446	0.6592115946985745	0.07035840512480672
