model	Precision@10	Recall@10	F1@10	NDCG@10	Gini@10	EPC@10	APLT@10
drop0.4_double_GETAllNetworkMerge_compgcn_384_n1_user-profile_item_emb_top10.pth	0.6615464042759962	0.8710346717231156	0.709968549991352	0.8710036765234919	0.6579177575034544	0.6061556723768327	0.24989924554363696
