model	Precision@10	Recall@10	F1@10	NDCG@10	Gini@10	EPC@10	APLT@10
drop0.4_double_GETAllNetworkMerge_compgcn_384_n1_user-profile_item_emb_top10.pth	0.7415596946218519	0.651846568149236	0.6143462267895207	0.928023225691584	0.7608632537180949	0.6280497593268293	0.09435694036837176
