model	Precision@5	Recall@5	F1@5	NDCG@5	Gini@5	EPC@5	APLT@5
drop0.8_double_GETAllNetworkConcat_user-profile_item_emb_compgcn_384_n1_top5.tsv	0.6973605442176871	0.5527300948412736	0.568393089596994	0.8925221205150065	0.6971358872306171	0.629366545236913	0.20458662260571567
