model	Precision@5	Recall@5	F1@5	NDCG@5	Gini@5	EPC@5	APLT@5
drop0.8_double_GETAllNetworkConcat_user-profile_item_emb_compgcn_384_n1_top5.tsv	0.7820370062600409	0.44959046334132013	0.4838254499372766	0.9333065987473604	0.8042925233427012	0.6320128902428919	0.056243096973713276
