model	Precision@5	Recall@5	F1@5	NDCG@5	Gini@5	EPC@5	APLT@5
drop0_double_GETAllNetworkConcat_compgcn_384_n1_user-centroid_item_emb_top5.tsv	0.6834421768707484	0.5437931331934776	0.5569227376270528	0.8781655417461698	0.623758199732104	0.6159707355107895	0.24181812618566798
