model	Precision@5	Recall@5	F1@5	NDCG@5	Gini@5	EPC@5	APLT@5
drop0_double_GETAllNetworkConcat_compgcn_384_n1_user-centroid_item_emb_top5.tsv	0.799753476261703	0.4572409881462641	0.49334553705576606	0.9406649331462291	0.7769101460563591	0.6552790997010784	0.07536171857742435
