model	Precision@10	Recall@10	F1@10	NDCG@10	Gini@10	EPC@10	APLT@10
drop0_uni_GETAllNetworkBasic_user-profile_item_emb_top10.pth	0.6604239552964042	0.8699709469824699	0.7087502655331671	0.8641368432956109	0.6616486063170796	0.6018330861522393	0.24273934100903075
