model	Precision@10	Recall@10	F1@10	NDCG@10	Gini@10	EPC@10	APLT@10
drop0_uni_GETAllNetworkBasic_user-profile_item_emb_top10.pth	0.7444681207478283	0.6530171271134974	0.6156489539950564	0.9288498773582429	0.750020566242856	0.6324385477192024	0.09775322930144004
