model	Precision@10	Recall@10	F1@10	NDCG@10	Gini@10	EPC@10	APLT@10
drop0.6_double_GETAllNetworkConcat_user-centroid_item_emb_compgcn_384_n1_top10.pth	0.6597096695821185	0.8684865063364149	0.7078051823233764	0.8714960353202744	0.655682124246128	0.6050354142475315	0.25377293748415464
