model	Precision@10	Recall@10	F1@10	NDCG@10	Gini@10	EPC@10	APLT@10
drop0.6_double_GETAllNetworkConcat_compgcn_384_n1_user-centroid_item_emb_top10.pth	0.7477587971646472	0.6545064423782594	0.6178286828692021	0.9328876350914936	0.7575846798801664	0.6332523467785363	0.09183871637897484
