model	Precision@5	Recall@5	F1@5	NDCG@5	Gini@5	EPC@5	APLT@5
drop0_double_GETAllNetworkConcat_user-profile_item_emb_compgcn_384_n1_top5.tsv	0.6907482993197279	0.5501203034721784	0.5635947204061783	0.8775747646707802	0.6322943479849167	0.620149561198524	0.23601676763967933
