model	Precision@5	Recall@5	F1@5	NDCG@5	Gini@5	EPC@5	APLT@5
drop0_double_GETAllNetworkConcat_user-profile_item_emb_compgcn_384_n1_top5.tsv	0.7937122597086034	0.45388853239433147	0.48923549088444424	0.9379911220189444	0.7833306754397227	0.6478931304749931	0.06793958471393859
