model	Precision@10	Recall@10	F1@10	NDCG@10	Gini@10	EPC@10	APLT@10
drop0.8_tri_GETAllNetworkTriSelfSourcesCross_user-centroid_item_emb_user-profile_item_emb_compgcn_384_n1_top10.pth	0.6557096695821185	0.8633313206524174	0.7035071069812308	0.862096045591588	0.6479731246853477	0.5974833843564741	0.2617957023088288
