model	Precision@10	Recall@10	F1@10	NDCG@10	Gini@10	EPC@10	APLT@10
drop0.8_tri_GETAllNetworkTriSelfSourcesCross_user-centroid_item_emb_user-profile_item_emb_compgcn_384_n1_top10.pth	0.7356431249027228	0.649107303749182	0.6108471928573378	0.9237209415880143	0.7844801090405203	0.6109311504406433	0.08045700663742414
