model	Precision@5	Recall@5	F1@5	NDCG@5	Gini@5	EPC@5	APLT@5
drop0.8_double_GETAllNetworkMerge_compgcn_384_n1_user-profile_item_emb_top5.tsv	0.6962993197278912	0.5530486608291072	0.567994146476973	0.893837731682756	0.6871306096484416	0.6299555323257968	0.21336209534300227
