model	Precision@5	Recall@5	F1@5	NDCG@5	Gini@5	EPC@5	APLT@5
drop0.8_double_GETAllNetworkMerge_compgcn_384_n1_user-profile_item_emb_top5.tsv	0.783000941776079	0.44964284358303525	0.48423818322778445	0.9334411332324319	0.8041148951570124	0.6354895516102377	0.051604263309034684
