model	Precision@5	Recall@5	F1@5	NDCG@5	Gini@5	EPC@5	APLT@5
drop0.6_tri_GETAllNetworkTriSelfSourcesCross_user-centroid_item_emb_user-profile_item_emb_compgcn_384_n1_top5.tsv	0.6851258503401361	0.5455258089644186	0.5590715111820783	0.8870198723345296	0.6441376977988365	0.621754465836951	0.24001897068722847
