model	Precision@5	Recall@5	F1@5	NDCG@5	Gini@5	EPC@5	APLT@5
drop0.6_tri_GETAllNetworkTriSelfSourcesCross_user-centroid_item_emb_user-profile_item_emb_compgcn_384_n1_top5.tsv	0.7963880117445017	0.4555429778104631	0.49123705724592776	0.9406712171555784	0.7905670879655797	0.6473089597341771	0.06114700684780208
