model	Precision@5	Recall@5	F1@5	NDCG@5	Gini@5	EPC@5	APLT@5
drop0_uni_GETAllNetworkBasic_user-profile_item_emb_top5.tsv	0.6931666666666666	0.5520443185160914	0.5651928972989626	0.8818738945638908	0.6409648913316371	0.6229241423219514	0.23167492809497583
