model	Precision@5	Recall@5	F1@5	NDCG@5	Gini@5	EPC@5	APLT@5
drop0_uni_GETAllNetworkBasic_user-profile_item_emb_top5.tsv	0.7940363414769266	0.45444170187043914	0.4897423737185347	0.9373739588389657	0.7730388508959085	0.6508343193025792	0.07387066489949194
