model	Precision@10	Recall@10	F1@10	NDCG@10	Gini@10	EPC@10	APLT@10
drop0.2_uni_GETAllNetworkBasic_compgcn_384_n1_top10.pth	0.6617913022351797	0.8714816187670014	0.7101949780590413	0.86922675344131	0.6622940674385426	0.6053498234685856	0.24659467421997255
