model	Precision@10	Recall@10	F1@10	NDCG@10	Gini@10	EPC@10	APLT@10
drop0.2_uni_GETAllNetworkBasic_compgcn_384_n1_top10.pth	0.7450498059730236	0.6535363071074257	0.616273882077191	0.9286997780623981	0.7583342228128394	0.6312142338738019	0.09651068456982972
