model	Precision@5	Recall@5	F1@5	NDCG@5	Gini@5	EPC@5	APLT@5
drop0.6_double_GETAllNetworkConcat_user-centroid_item_emb_compgcn_384_n1_top5.tsv	0.6959829931972789	0.5514067905944999	0.567115035111446	0.8923168566979096	0.6747654049972236	0.6294323937041192	0.20014381004834467
