model	Precision@5	Recall@5	F1@5	NDCG@5	Gini@5	EPC@5	APLT@5
drop0.6_double_GETAllNetworkConcat_compgcn_384_n1_user-centroid_item_emb_top5.tsv	0.7976510996620687	0.45568902663753696	0.4915165677541646	0.941367555007257	0.7834729496886119	0.6503221549927886	0.06475867020101612
