model	Precision@5	Recall@5	F1@5	NDCG@5	Gini@5	EPC@5	APLT@5
drop0.2_tri_GETAllNetworkTriSelfSourcesCross_user-centroid_item_emb_user-profile_item_emb_compgcn_384_n1_top5.tsv	0.640187074829932	0.49625045611598656	0.5163050870370132	0.8480327244542357	0.6446656056784038	0.5696703379422113	0.2656844746343553
