model	Precision@5	Recall@5	F1@5	NDCG@5	Gini@5	EPC@5	APLT@5
drop0.2_tri_GETAllNetworkTriSelfSourcesCross_user-centroid_item_emb_user-profile_item_emb_compgcn_384_n1_top5.tsv	0.8058279319705278	0.45954798433739036	0.4958595060163378	0.9455851728774994	0.7679938011159881	0.6602399100020528	0.06850287165893527
