model	Precision@5	Recall@5	F1@5	NDCG@5	Gini@5	EPC@5	APLT@5
drop0.4_double_GETAllNetworkConcat_user-profile_item_emb_compgcn_384_n1_top5.tsv	0.7033707482993198	0.5613247623619614	0.5748804661151566	0.8939179648421818	0.6693583480783448	0.6356152532978678	0.21057156844746344
