model	Precision@5	Recall@5	F1@5	NDCG@5	Gini@5	EPC@5	APLT@5
drop0.4_double_GETAllNetworkConcat_user-profile_item_emb_compgcn_384_n1_top5.tsv	0.7903800343471276	0.4520193060900265	0.48759068820333795	0.9368990595249741	0.7886086677130227	0.6434370236443205	0.06651480008835874
