model	Precision@5	Recall@5	F1@5	NDCG@5	Gini@5	EPC@5	APLT@5
drop0.2_tri_GETAllNetworkTriConcat_user-centroid_item_emb_user-profile_item_emb_compgcn_384_n1_top5.tsv	0.6909115646258502	0.5522592159469252	0.5640337690192966	0.8792858461538547	0.6238314137806027	0.6217292880063985	0.24133161985190624
