model	Precision@5	Recall@5	F1@5	NDCG@5	Gini@5	EPC@5	APLT@5
drop0.2_tri_GETAllNetworkTriConcat_user-centroid_item_emb_user-profile_item_emb_compgcn_384_n1_top5.tsv	0.8040662567170794	0.45893113179786155	0.4950216389498941	0.9438121914562334	0.758232183112345	0.664145387043699	0.08076264634415727
