model	Precision@10	Recall@10	F1@10	NDCG@10	Gini@10	EPC@10	APLT@10
drop0_double_GETAllNetworkMerge_user-centroid_item_emb_user-profile_item_emb_top10.pth	0.658668853255588	0.8682122361055119	0.706820338115323	0.8615032655024496	0.6567682344345097	0.59952438242795	0.24819188369307701
