model	Precision@10	Recall@10	F1@10	NDCG@10	Gini@10	EPC@10	APLT@10
drop0_double_GETAllNetworkMerge_user-centroid_item_emb_user-profile_item_emb_top10.pth	0.7418588470233808	0.651806256032751	0.6142703148044978	0.9286991686873095	0.7472145119948906	0.6339787644012661	0.10073533665730484
