model	Precision@10	Recall@10	F1@10	NDCG@10	Gini@10	EPC@10	APLT@10
drop0.6_double_GETAllNetworkMerge_compgcn_384_n1_user-centroid_item_emb_top10.pth	0.6570362001943635	0.8665096511088092	0.7052337850783617	0.8676739379060351	0.6452016539477989	0.6020571517591579	0.2595008611118396
