model	Precision@10	Recall@10	F1@10	NDCG@10	Gini@10	EPC@10	APLT@10
drop0.6_double_GETAllNetworkMerge_compgcn_384_n1_user-centroid_item_emb_top10.pth	0.7512156693600935	0.6566304330208502	0.6201851783875325	0.9348046686248985	0.7602048624534277	0.635978370922936	0.08935362691575416
