model	Precision@5	Recall@5	F1@5	NDCG@5	Gini@5	EPC@5	APLT@5
drop0.6_uni_GETAllNetworkBasic_user-centroid_item_emb_top5.tsv	0.6991258503401361	0.5565503482839759	0.570877654325667	0.8949715139658267	0.6696818042935013	0.6328517185751374	0.20851539073496114
