model	Precision@5	Recall@5	F1@5	NDCG@5	Gini@5	EPC@5	APLT@5
drop0.6_uni_GETAllNetworkBasic_user-centroid_item_emb_top5.tsv	0.8011079718575148	0.4573482383298917	0.49359381891444226	0.9437778710480482	0.7901665868810096	0.6491636831073554	0.061478352109564836
