model	Precision@10	Recall@10	F1@10	NDCG@10	Gini@10	EPC@10	APLT@10
drop0.8_double_GETAllNetworkConcat_user-profile_item_emb_user-centroid_item_emb_top10.pth	0.6586280369290574	0.8683074231480278	0.7070106925783343	0.8715268497823025	0.6567196208567383	0.6041860100249221	0.2557189628192015
