model	Precision@10	Recall@10	F1@10	NDCG@10	Gini@10	EPC@10	APLT@10
drop0.8_double_GETAllNetworkConcat_user-profile_item_emb_user-centroid_item_emb_top10.pth	0.7414433575768128	0.650873793206516	0.613550009148159	0.9288500513693283	0.7721391192577368	0.6227957130329983	0.08448285156784162
